ユーザーID,性別,年代,満足度,ご意見・ご要望
U001,女性,20代,満足,デザインがとても可愛くて気に入っています。軽くて持ち運びしやすいです。
U002,男性,30代,不満,動作が重くてイライラします。アプリが頻繁に強制終了するのを改善してほしい。
U003,女性,40代,満足,バッテリーの持ちが非常に良く、旅行中も安心です。画質も綺麗で大満足です。
U004,男性,20代,満足,画質がとても美しく、夜景も綺麗に撮影できます。デザインも高級感があります。
U005,女性,30代,不満,ボタンの反応が悪く、操作しにくい。時々フリーズするのでストレスを感じます。
U006,男性,50代,満足,画面が大きくて文字が読みやすい。操作もシンプルで使いやすいと思います。
U007,女性,20代,満足,バッテリー持ちが良いので助かります。動作も滑らかでストレスがありません。
U008,男性,40代,不満,値段が高すぎる。コスパが悪い。デザインは良いが性能と価格が見合っていない。
U009,女性,30代,満足,サポート体制が丁寧で、分からないこともすぐに解決しました。機能も充実しています。
U010,男性,50代,満足,新機能が便利で面白い。画面の感度も良く、快適に使用できて満足しています。
U011,女性,20代,不満,バッテリーの減りが異常に早いです。動作も時々重くなるので困っています。
U012,男性,30代,満足,シンプルで飽きのこないデザインが良い。毎日使っていますが今のところ満足です。
U013,女性,40代,満足,画質がきれいで動画再生が快適です。スピーカーの音質も素晴らしい。
U014,男性,20代,満足,軽くて薄いので、ポケットに入れて持ち運びしやすいのが一番の魅力です。
U015,女性,30代,不満,マニュアルが不親切で使い方が分かりにくい。初心者には少し難しいかも。
U016,男性,50代,満足,画面の輝度が明るく、屋外でも見やすい。性能も非常に安定しています。
U017,女性,20代,満足,デザインとカラーが豊富で選ぶのが楽しかった。友達にも勧めたいです。
U018,男性,40代,不満,充電の速度が遅い。急速充電に対応してほしい。画質は普通です。
U019,女性,30代,満足,カメラの性能が本当に素晴らしい。プロみたいな写真が簡単に撮れます。
U020,男性,50代,満足,長時間の使用でも本体が熱くなりにくく、バッテリーも長く持ちます。
U021,女性,20代,不満,設定画面が複雑で分かりづらい。機能が多すぎて使いこなせません。
U022,男性,30代,満足,処理能力が高く、重いゲームもサクサク動いて快適です。非常に満足。
U023,女性,40代,満足,音声操作の感度がとても良くて便利。未来的な感じがして気に入っています。
U024,男性,20代,不満,アフターサービスの説明が不十分。問い合わせ先の番号が分かりにくい。
